<?xml version="1.0" encoding="UTF-8"?>
<beans xmlns="http://www.springframework.org/schema/beans"
	xmlns:xsi="http://www.w3.org/2001/XMLSchema-instance"
	xsi:schemaLocation="http://www.springframework.org/schema/beans http://www.springframework.org/schema/beans/spring-beans.xsd
		http://www.springframework.org/schema/context http://www.springframework.org/schema/context/spring-context.xsd"
	xmlns:context="http://www.springframework.org/schema/context">
	<bean id="employee1" class="org.jspiders.springannodemu.Employee">
		<property name="id" value="420"/>
		<property name="name" value="MrunalLikki"/>
	</bean>
	
	<bean id="car1" class="org.jspiders.springannodemu.Car">
		<qualifier value="employeeRelatedCar"/>
		<property name="naam" value="BailKiCar"/>
		<property name="rang" value="blackNWhite"/>
	</bean>
	
	<bean id="car2" class="org.jspiders.springannodemu.Car">
		<property name="naam" value="BailCar"/>
		<property name="rang" value="blackNWhite"/>
	</bean>
	<bean class="org.springframework.beans.factory.annotation.AutowiredAnnotationBeanPostProcessor"/>
		
	<bean id="center" class="org.jspiders.springannodemu.Point">
		<property name="x" value="0"/>
		<property name="y" value="0"/>
	</bean>
	<context:annotation-config/>
	
	<context:component-scan base-package="org.jspiders.springannodemu"/>
	
	
</beans>